timestamp;open;low;high;close;volume
12/01/2016;145;141;199;173;25182100
13/01/2016;174;158;179;161;7038900
14/01/2016;159;145;159;145;2414200
15/01/2016;145;133;145;134;855100
18/01/2016;134;123;174;128;11292700
19/01/2016;129;127;145;128;878100
20/01/2016;133;124;133;125;950100
21/01/2016;125;121;138;124;640600
22/01/2016;130;122;130;127;407700
25/01/2016;124;122;130;124;281600
26/01/2016;126;123;130;124;299400
27/01/2016;126;119;126;124;241900
28/01/2016;124;112;124;116;263300
29/01/2016;118;113;119;116;47500
01/02/2016;118;106;118;115;105500
02/02/2016;116;110;116;110;1479900
03/02/2016;118;101;118;107;120600
04/02/2016;105;105;112;111;262900
05/02/2016;111;111;116;112;98800
08/02/2016;111;111;116;112;0
09/02/2016;120;113;121;120;223600
10/02/2016;120;117;120;117;17700
11/02/2016;117;115;125;125;150400
12/02/2016;125;120;130;120;160900
15/02/2016;125;120;125;120;131200
16/02/2016;125;112;125;120;344600
17/02/2016;115;115;120;120;1000
18/02/2016;119;117;125;118;57700
19/02/2016;110;110;117;117;3100
22/02/2016;110;109;120;110;282400
23/02/2016;107;106;126;117;166400
24/02/2016;106;106;122;119;64900
25/02/2016;119;116;120;119;51100
26/02/2016;119;116;122;116;171400
29/02/2016;117;116;119;116;89900
01/03/2016;117;114;119;114;134300
02/03/2016;120;119;121;121;241200
03/03/2016;122;120;125;125;121400
04/03/2016;126;123;127;127;135000
07/03/2016;128;125;130;125;135000
08/03/2016;127;126;133;128;64800
09/03/2016;127;126;133;128;0
10/03/2016;128;128;130;128;157100
11/03/2016;128;128;130;128;0
14/03/2016;128;128;130;128;0
15/03/2016;132;132;133;133;11400
16/03/2016;133;131;135;133;70300
17/03/2016;134;134;139;134;12400
18/03/2016;137;136;138;136;22500
21/03/2016;136;136;145;140;30900
22/03/2016;135;135;139;135;43000
23/03/2016;140;136;140;136;39800
24/03/2016;138;137;138;138;64400
25/03/2016;138;137;138;138;0
28/03/2016;141;138;142;138;97600
29/03/2016;148;137;148;137;34600
30/03/2016;142;137;142;137;8200
31/03/2016;145;134;145;138;121400
01/04/2016;138;138;138;138;4500
04/04/2016;145;138;145;138;100600
05/04/2016;138;138;138;138;24800
06/04/2016;138;138;141;139;97300
07/04/2016;139;139;139;139;66300
08/04/2016;140;140;140;140;45000
11/04/2016;140;140;140;140;0
12/04/2016;140;140;140;140;21500
13/04/2016;140;140;140;140;0
14/04/2016;140;140;140;140;0
15/04/2016;140;140;140;140;0
18/04/2016;140;140;140;140;0
19/04/2016;140;140;140;140;0
20/04/2016;141;141;141;141;100
21/04/2016;141;138;143;138;117500
22/04/2016;138;138;138;138;0
25/04/2016;140;140;140;140;25000
26/04/2016;140;139;140;140;70700
27/04/2016;138;137;138;137;40300
28/04/2016;137;137;137;137;29200
29/04/2016;137;134;137;134;98500
02/05/2016;141;137;141;140;119600
03/05/2016;141;139;142;142;353700
04/05/2016;142;142;150;142;53500
05/05/2016;142;142;150;142;0
06/05/2016;142;142;150;142;0
09/05/2016;142;140;142;142;82400
10/05/2016;140;140;140;140;2000
11/05/2016;142;140;142;142;25500
12/05/2016;140;139;140;139;41400
13/05/2016;139;139;143;139;16600
16/05/2016;140;139;140;139;65000
17/05/2016;142;139;142;139;5200
18/05/2016;138;137;138;137;54100
19/05/2016;138;138;138;138;700
20/05/2016;138;138;138;138;0
23/05/2016;139;139;139;139;6400
24/05/2016;139;139;139;139;22200
25/05/2016;140;140;140;140;100
26/05/2016;140;140;141;141;200
27/05/2016;141;141;141;141;0
30/05/2016;142;142;142;142;100
31/05/2016;140;140;145;145;16000
01/06/2016;140;140;145;145;200
02/06/2016;145;145;145;145;0
03/06/2016;144;144;144;144;15000
06/06/2016;144;144;144;144;15600
07/06/2016;144;144;144;144;15100
08/06/2016;147;144;147;144;80500
09/06/2016;144;144;144;144;10000
10/06/2016;144;144;144;144;13300
13/06/2016;144;144;144;144;15000
14/06/2016;144;144;144;144;1000
15/06/2016;143;142;143;142;15700
16/06/2016;142;142;143;143;8000
17/06/2016;143;143;143;143;100
20/06/2016;143;143;143;143;11000
21/06/2016;143;143;143;143;0
22/06/2016;143;143;143;143;5000
23/06/2016;143;141;143;141;26400
24/06/2016;141;141;141;141;5000
27/06/2016;144;144;144;144;28300
28/06/2016;147;146;147;146;34000
29/06/2016;146;146;147;147;25300
30/06/2016;155;155;160;160;200
01/07/2016;160;160;160;160;0
04/07/2016;160;160;160;160;0
05/07/2016;160;160;160;160;0
06/07/2016;160;160;160;160;0
07/07/2016;160;160;160;160;0
08/07/2016;160;160;160;160;0
11/07/2016;158;156;158;156;23500
12/07/2016;157;156;157;156;20000
13/07/2016;153;153;155;153;32000
14/07/2016;153;152;153;152;800
15/07/2016;152;152;152;152;0
18/07/2016;160;155;160;155;11500
19/07/2016;155;155;155;155;0
20/07/2016;154;154;154;154;2200
21/07/2016;154;154;154;154;200
22/07/2016;154;154;154;154;0
25/07/2016;154;154;154;154;0
26/07/2016;154;154;154;154;0
27/07/2016;155;155;158;155;45000
28/07/2016;155;155;155;155;0
29/07/2016;154;154;154;154;1000
01/08/2016;154;154;154;154;0
02/08/2016;150;150;154;154;7700
03/08/2016;149;149;149;149;200
04/08/2016;149;149;149;149;1800
05/08/2016;149;149;160;157;3800
08/08/2016;151;150;156;156;21200
09/08/2016;155;155;155;155;1000
10/08/2016;155;155;155;155;2500
11/08/2016;155;155;155;155;3500
12/08/2016;155;155;155;155;7600
15/08/2016;155;155;155;155;0
16/08/2016;155;155;155;155;0
17/08/2016;155;155;155;155;0
18/08/2016;155;155;155;155;0
19/08/2016;155;155;155;155;0
22/08/2016;155;155;155;155;2500
23/08/2016;155;155;155;155;0
24/08/2016;154;154;154;154;2500
25/08/2016;153;153;153;153;300
26/08/2016;153;153;153;153;0
29/08/2016;153;152;153;153;4000
30/08/2016;155;155;156;155;2600
31/08/2016;155;155;155;155;100
01/09/2016;155;154;155;154;2800
02/09/2016;154;154;154;154;0
05/09/2016;155;154;155;154;5000
06/09/2016;154;154;154;154;0
07/09/2016;153;153;153;153;100
08/09/2016;153;153;153;153;2100
09/09/2016;153;153;153;153;300
12/09/2016;153;153;153;153;0
13/09/2016;153;153;153;153;0
14/09/2016;154;154;154;154;12500
15/09/2016;154;154;154;154;0
16/09/2016;154;154;155;155;100
19/09/2016;154;151;154;151;10000
20/09/2016;151;151;151;151;0
21/09/2016;151;151;151;151;1000
22/09/2016;151;151;151;151;0
23/09/2016;151;151;151;151;0
26/09/2016;151;149;151;149;5300
27/09/2016;149;149;149;149;2200
28/09/2016;149;149;149;149;2000
29/09/2016;149;149;149;149;0
30/09/2016;149;149;149;149;0
03/10/2016;149;149;149;149;0
04/10/2016;149;147;160;147;2700
05/10/2016;147;147;147;147;1000
06/10/2016;147;147;147;147;0
07/10/2016;147;147;147;147;0
10/10/2016;147;147;147;147;0
11/10/2016;147;147;150;147;9700
12/10/2016;147;147;147;147;0
13/10/2016;147;147;147;147;0
14/10/2016;147;147;147;147;0
17/10/2016;145;145;145;145;200
18/10/2016;145;145;145;145;0
19/10/2016;145;145;145;145;0
20/10/2016;145;145;145;145;0
21/10/2016;145;145;145;145;0
24/10/2016;145;145;145;145;0
25/10/2016;155;155;155;155;100
26/10/2016;155;155;155;155;0
27/10/2016;155;155;155;155;0
28/10/2016;155;155;155;155;0
31/10/2016;155;155;155;155;0
01/11/2016;155;155;155;155;0
02/11/2016;155;155;155;155;0
03/11/2016;155;155;155;155;0
04/11/2016;155;155;155;155;0
07/11/2016;155;155;155;155;0
08/11/2016;145;140;155;155;10100
09/11/2016;155;155;155;155;0
10/11/2016;155;155;155;155;100
11/11/2016;155;155;155;155;0
14/11/2016;155;155;155;155;0
15/11/2016;155;155;155;155;100
16/11/2016;155;155;155;155;0
17/11/2016;155;155;155;155;100
18/11/2016;155;155;155;155;100
21/11/2016;165;165;165;165;3
22/11/2016;165;165;165;165;0
23/11/2016;165;165;165;165;0
24/11/2016;175;175;175;175;100
25/11/2016;185;160;185;160;600
28/11/2016;160;160;160;160;0
29/11/2016;160;144;160;144;4200
30/11/2016;154;154;154;154;200
01/12/2016;154;153;154;153;100
02/12/2016;150;150;150;150;100
05/12/2016;150;150;150;150;0
06/12/2016;149;149;149;149;100
07/12/2016;159;159;159;159;100
08/12/2016;159;159;159;159;0
09/12/2016;160;160;160;160;100
12/12/2016;160;160;160;160;0
13/12/2016;160;144;160;144;6100
14/12/2016;144;143;144;143;2300
15/12/2016;143;143;143;143;0
16/12/2016;143;143;143;143;0
19/12/2016;140;140;140;140;2100
20/12/2016;140;140;151;151;26600
21/12/2016;151;141;151;141;100
22/12/2016;156;146;156;146;400
23/12/2016;146;146;146;146;0
26/12/2016;146;146;146;146;0
27/12/2016;160;155;160;155;300
28/12/2016;160;160;160;160;200
29/12/2016;160;160;160;160;0
30/12/2016;160;160;160;160;0
02/01/2017;160;160;160;160;0
03/01/2017;160;160;160;160;0
04/01/2017;160;160;160;160;0
05/01/2017;160;160;160;160;200
06/01/2017;160;160;160;160;0
09/01/2017;160;160;160;160;0
10/01/2017;160;160;160;160;0
11/01/2017;160;160;160;160;0
12/01/2017;160;106;160;106;2700
13/01/2017;110;110;143;138;8900
16/01/2017;138;138;165;155;25000
17/01/2017;155;155;185;170;50700
18/01/2017;170;170;170;170;200
19/01/2017;170;170;170;170;0
20/01/2017;169;165;180;180;20200
23/01/2017;180;170;180;173;300
24/01/2017;165;155;165;155;12500
25/01/2017;165;165;165;165;200
26/01/2017;165;165;165;165;100
27/01/2017;180;180;180;180;200
30/01/2017;180;180;180;180;0
31/01/2017;180;180;180;180;0
01/02/2017;180;180;180;180;0
02/02/2017;180;180;180;180;0
03/02/2017;180;180;180;180;0
06/02/2017;180;180;180;180;0
07/02/2017;175;135;175;149;44000
08/02/2017;149;149;153;150;1500
09/02/2017;150;150;150;150;800
10/02/2017;150;150;150;150;0
13/02/2017;150;140;150;140;3000
14/02/2017;140;140;160;150;12200
15/02/2017;150;150;150;150;0
16/02/2017;150;150;170;150;500
17/02/2017;150;150;170;170;5500
20/02/2017;168;168;168;168;400
21/02/2017;168;168;168;168;0
22/02/2017;160;160;160;160;1800
23/02/2017;160;160;160;160;0
24/02/2017;155;155;155;155;100
27/02/2017;155;155;155;155;0
28/02/2017;155;155;155;155;0
01/03/2017;155;155;155;155;0
02/03/2017;155;155;155;155;100
03/03/2017;155;155;155;155;0
06/03/2017;155;155;155;155;0
07/03/2017;155;155;155;155;600
08/03/2017;155;155;155;155;0
09/03/2017;155;155;155;155;0
10/03/2017;155;155;155;155;0
13/03/2017;155;155;155;155;0
14/03/2017;155;155;155;155;0
15/03/2017;155;150;155;150;200
16/03/2017;155;155;155;155;200
17/03/2017;155;155;155;155;0
20/03/2017;155;155;155;155;0
21/03/2017;155;155;155;155;0
22/03/2017;155;155;155;155;0
23/03/2017;155;155;155;155;0
24/03/2017;155;155;155;155;0
27/03/2017;155;155;155;155;0
28/03/2017;155;155;155;155;0
29/03/2017;155;135;155;142;18300
30/03/2017;156;154;156;156;10200
31/03/2017;156;156;156;156;0
03/04/2017;160;160;160;160;200
04/04/2017;160;160;160;160;0
05/04/2017;160;160;160;160;0
06/04/2017;175;111;175;155;5800
07/04/2017;155;155;170;160;900
10/04/2017;160;160;160;160;0
11/04/2017;160;160;175;175;200
12/04/2017;172;172;172;172;100
13/04/2017;172;172;172;172;0
14/04/2017;172;172;172;172;0
17/04/2017;172;155;175;165;4800
18/04/2017;165;165;165;165;0
19/04/2017;165;165;165;165;0
20/04/2017;165;165;165;165;0
21/04/2017;165;165;165;165;0
24/04/2017;165;165;165;165;0
25/04/2017;165;155;170;155;69100
26/04/2017;155;155;155;155;0
27/04/2017;155;155;165;165;37700
28/04/2017;165;165;165;165;25000
01/05/2017;165;165;165;165;0
02/05/2017;165;165;180;165;30400
03/05/2017;178;175;178;176;1400
04/05/2017;176;176;176;176;0
05/05/2017;176;174;176;174;200
08/05/2017;174;174;174;174;0
09/05/2017;170;170;170;170;300
10/05/2017;170;170;170;170;0
11/05/2017;170;170;170;170;0
12/05/2017;170;170;170;170;0
15/05/2017;170;160;170;160;5800
16/05/2017;160;160;175;174;600
17/05/2017;170;170;170;170;200
18/05/2017;170;170;170;170;1200
19/05/2017;170;160;174;173;6100
22/05/2017;173;170;173;170;5400
23/05/2017;170;170;170;170;0
24/05/2017;170;170;170;170;100
25/05/2017;170;170;170;170;0
26/05/2017;170;170;170;170;0
29/05/2017;141;141;170;170;500
30/05/2017;170;170;170;170;0
31/05/2017;170;170;170;170;0
01/06/2017;170;170;170;170;0
02/06/2017;160;160;170;170;400
05/06/2017;170;170;170;170;0
06/06/2017;170;170;170;170;0
07/06/2017;169;169;169;169;500
08/06/2017;169;165;175;175;6500
09/06/2017;167;164;167;164;4000
12/06/2017;163;159;180;180;80800
13/06/2017;178;178;183;180;50700
14/06/2017;190;178;196;178;41800
15/06/2017;178;178;178;178;1200
16/06/2017;178;178;240;196;56500
19/06/2017;195;195;264;258;550500
20/06/2017;260;242;270;254;872300
21/06/2017;250;250;300;280;502700
22/06/2017;278;260;334;272;312800
23/06/2017;272;272;272;272;0
26/06/2017;272;272;272;272;0
27/06/2017;272;272;272;272;0
28/06/2017;272;272;272;272;0
29/06/2017;272;272;272;272;0
30/06/2017;272;272;272;272;0
03/07/2017;270;236;270;240;136000
04/07/2017;240;220;240;238;55500
05/07/2017;234;196;258;232;944400
06/07/2017;232;194;232;194;1195900
07/07/2017;195;194;200;195;118800
10/07/2017;195;195;195;195;0
11/07/2017;199;186;199;192;92200
12/07/2017;200;192;200;199;52300
13/07/2017;199;194;199;197;17100
14/07/2017;196;190;199;196;62700
17/07/2017;194;188;196;195;36500
18/07/2017;196;184;196;191;26400
19/07/2017;191;187;191;188;52900
20/07/2017;190;185;206;200;782200
21/07/2017;192;186;200;197;56000
24/07/2017;192;170;196;170;342800
25/07/2017;180;178;187;184;58800
26/07/2017;188;187;188;187;200
27/07/2017;180;179;180;180;80200
28/07/2017;185;177;185;177;14200
31/07/2017;177;154;185;183;2800
01/08/2017;183;183;183;183;0
02/08/2017;182;150;182;182;7300
03/08/2017;185;185;185;185;200
04/08/2017;185;185;185;185;0
07/08/2017;185;185;185;185;2600
08/08/2017;185;174;192;184;31200
09/08/2017;189;189;189;189;200
10/08/2017;180;175;180;175;5000
11/08/2017;188;186;188;187;55300
14/08/2017;186;183;188;183;23400
15/08/2017;187;156;190;156;4500
16/08/2017;166;166;175;172;83900
17/08/2017;172;172;172;172;0
18/08/2017;196;172;196;184;5300
21/08/2017;181;179;181;179;300
22/08/2017;184;172;184;172;34100
23/08/2017;177;173;177;176;6600
24/08/2017;174;173;174;173;12600
25/08/2017;173;173;174;174;126700
28/08/2017;171;166;175;175;1500
29/08/2017;171;160;171;170;3400
30/08/2017;170;155;170;164;19900
31/08/2017;164;155;170;168;8200
01/09/2017;168;168;168;168;0
04/09/2017;165;165;165;165;2000
05/09/2017;170;170;170;170;200
06/09/2017;180;180;180;180;1100
07/09/2017;174;160;178;170;7400
08/09/2017;160;160;184;170;12700
11/09/2017;178;165;178;165;500
12/09/2017;165;165;195;171;57900
13/09/2017;170;164;170;164;2900
14/09/2017;164;164;170;170;2100
15/09/2017;180;180;185;184;17000
18/09/2017;183;183;183;183;100
19/09/2017;175;175;180;180;16700
20/09/2017;180;171;180;171;11100
21/09/2017;171;171;171;171;0
22/09/2017;171;170;180;170;11500
25/09/2017;180;170;180;170;16500
26/09/2017;170;169;170;170;13100
27/09/2017;175;170;175;171;22200
28/09/2017;171;171;171;171;0
29/09/2017;165;164;170;164;35500
02/10/2017;185;165;204;165;12400
03/10/2017;170;168;170;170;8800
04/10/2017;170;162;170;167;15400
05/10/2017;167;162;167;167;25500
06/10/2017;165;161;165;165;2500
09/10/2017;165;160;167;160;7800
10/10/2017;160;154;169;162;9700
11/10/2017;161;156;166;157;22500
12/10/2017;166;158;180;164;4700
13/10/2017;164;164;167;167;400
16/10/2017;167;119;167;165;1700
17/10/2017;183;165;183;171;2800
18/10/2017;158;158;170;167;12800
19/10/2017;163;158;165;165;11600
20/10/2017;163;154;165;163;6800
23/10/2017;162;153;164;153;28900
24/10/2017;152;152;160;160;11600
25/10/2017;162;155;162;160;6200
26/10/2017;160;160;160;160;100
27/10/2017;159;154;163;160;12400
30/10/2017;154;154;162;159;6100
31/10/2017;157;154;159;154;10100
01/11/2017;154;153;180;159;13500
02/11/2017;157;157;163;163;2800
03/11/2017;163;163;163;163;0
06/11/2017;163;163;163;163;0
07/11/2017;165;157;165;163;2600
08/11/2017;160;160;160;160;300
09/11/2017;160;150;160;158;10900
10/11/2017;158;158;158;158;1900
13/11/2017;158;158;163;163;6000
14/11/2017;163;163;163;163;0
15/11/2017;163;163;163;163;200
16/11/2017;156;156;168;168;22100
17/11/2017;167;167;167;167;1000
20/11/2017;158;158;184;158;9000
21/11/2017;156;156;168;168;1400
22/11/2017;188;174;188;174;2800
23/11/2017;180;165;180;168;18600
24/11/2017;175;162;175;165;5300
27/11/2017;158;154;170;170;10900
28/11/2017;165;165;165;165;3000
29/11/2017;165;165;165;165;500
30/11/2017;180;171;180;171;600
01/12/2017;171;171;171;171;0
04/12/2017;171;171;171;171;0
05/12/2017;180;159;180;160;13300
06/12/2017;170;152;170;160;1600
07/12/2017;160;160;160;160;200
08/12/2017;180;175;180;175;300
11/12/2017;175;175;175;175;0
12/12/2017;174;165;174;165;600
13/12/2017;165;165;165;165;0
14/12/2017;170;165;170;165;5200
15/12/2017;165;165;165;165;0
18/12/2017;165;165;170;170;700
19/12/2017;170;170;170;170;0
20/12/2017;170;170;170;170;0
21/12/2017;170;170;170;170;0
22/12/2017;170;170;170;170;1400
25/12/2017;170;170;170;170;0
26/12/2017;170;170;170;170;0
27/12/2017;170;140;170;145;47600
28/12/2017;145;145;172;155;20100
29/12/2017;155;148;172;168;12000
01/01/2018;168;168;168;168;0
02/01/2018;168;168;168;168;0
03/01/2018;161;161;161;161;500
04/01/2018;168;153;168;162;800
05/01/2018;150;150;162;162;700
08/01/2018;156;136;164;157;62600
09/01/2018;157;157;182;164;2500
10/01/2018;182;177;182;177;200
11/01/2018;177;177;177;177;0
12/01/2018;177;177;177;177;0
15/01/2018;160;160;164;160;10200
16/01/2018;164;152;166;163;3900
17/01/2018;152;151;165;160;19700
18/01/2018;160;160;170;167;2000
19/01/2018;170;170;170;170;100
22/01/2018;170;170;170;170;0
23/01/2018;178;178;178;178;100
24/01/2018;178;178;178;178;0
25/01/2018;163;158;170;170;43200
26/01/2018;152;152;170;170;200
29/01/2018;169;169;228;200;1017800
30/01/2018;210;196;220;197;485500
31/01/2018;197;186;200;197;47300
01/02/2018;190;190;200;192;7200
02/02/2018;198;198;198;198;2900
05/02/2018;204;200;204;200;10300
06/02/2018;210;180;210;202;52300
07/02/2018;204;204;212;206;50700
08/02/2018;210;200;230;206;279600
09/02/2018;204;202;214;206;42000
12/02/2018;212;192;212;202;11700
13/02/2018;204;204;204;204;200
14/02/2018;191;191;204;204;1300
15/02/2018;204;204;204;204;1400
16/02/2018;204;204;204;204;0
19/02/2018;204;204;230;206;25000
20/02/2018;206;204;222;214;373900
21/02/2018;206;200;206;202;63000
22/02/2018;212;190;212;190;13500
23/02/2018;200;200;200;200;400
26/02/2018;204;192;204;192;36900
27/02/2018;200;192;200;200;10400
28/02/2018;193;190;193;190;16700
01/03/2018;195;195;200;195;1600
02/03/2018;200;180;200;199;609800
05/03/2018;208;185;208;199;654500
06/03/2018;199;199;199;199;0
07/03/2018;199;199;199;199;300
08/03/2018;152;151;198;198;36100
09/03/2018;198;198;198;198;10000
12/03/2018;198;153;200;197;7700
13/03/2018;204;204;204;204;200
14/03/2018;181;181;196;196;1700
15/03/2018;204;204;204;204;200
16/03/2018;204;204;204;204;200
19/03/2018;204;204;204;204;200
20/03/2018;208;180;208;180;400
21/03/2018;180;175;190;175;29200
22/03/2018;185;185;190;190;800
23/03/2018;190;190;190;190;0
26/03/2018;200;200;200;200;200
27/03/2018;200;200;200;200;10100
28/03/2018;142;142;142;142;100
29/03/2018;170;160;191;191;159800
30/03/2018;191;191;191;191;0
02/04/2018;191;155;193;184;78300
03/04/2018;182;154;182;180;1100
04/04/2018;180;180;180;180;0
05/04/2018;190;190;190;190;400
06/04/2018;189;163;190;170;16000
09/04/2018;170;166;180;170;8600
10/04/2018;178;168;193;173;1700
11/04/2018;173;170;173;172;700
12/04/2018;180;155;180;155;5400
13/04/2018;156;156;195;178;79900
16/04/2018;178;178;178;178;0
17/04/2018;178;178;178;178;0
18/04/2018;182;175;182;180;2000
19/04/2018;180;180;180;180;0
20/04/2018;180;180;180;180;0
23/04/2018;170;170;170;170;3100
24/04/2018;177;155;177;160;1900
25/04/2018;160;160;160;160;0
26/04/2018;160;160;160;160;0
27/04/2018;160;160;160;160;0
30/04/2018;168;161;178;161;3300
01/05/2018;161;161;161;161;0
02/05/2018;166;166;170;170;200
03/05/2018;170;170;174;172;700
04/05/2018;172;170;172;170;500
07/05/2018;178;168;178;172;600
08/05/2018;160;150;170;162;600
09/05/2018;175;162;175;170;4800
10/05/2018;170;170;170;170;0
11/05/2018;170;162;175;168;126300
14/05/2018;170;161;170;170;600
15/05/2018;175;170;175;170;400
16/05/2018;175;171;175;171;200
17/05/2018;178;168;178;175;19000
18/05/2018;175;166;175;175;700
21/05/2018;175;175;175;175;0
22/05/2018;182;168;182;172;40500
23/05/2018;177;160;177;168;12200
24/05/2018;168;168;168;168;2600
25/05/2018;174;164;174;169;13000
28/05/2018;175;162;175;168;13600
29/05/2018;168;168;168;168;0
30/05/2018;175;168;175;168;26500
31/05/2018;168;168;168;168;0
01/06/2018;168;168;168;168;0
04/06/2018;168;168;168;168;0
05/06/2018;168;168;168;168;0
06/06/2018;173;150;173;164;23400
07/06/2018;162;150;162;162;4800
08/06/2018;170;150;170;161;10600
11/06/2018;161;161;161;161;0
12/06/2018;161;161;161;161;0
13/06/2018;161;161;161;161;0
14/06/2018;161;161;161;161;0
15/06/2018;161;161;161;161;0
18/06/2018;161;161;161;161;0
19/06/2018;161;161;161;161;0
20/06/2018;170;158;170;158;6000
21/06/2018;168;154;168;154;6100
22/06/2018;160;150;160;150;3100
25/06/2018;160;152;170;156;96100
26/06/2018;163;146;163;162;10300
27/06/2018;162;162;162;162;0
28/06/2018;170;158;170;164;1400
29/06/2018;173;146;173;163;8700
02/07/2018;168;154;168;162;20500
03/07/2018;168;140;168;159;5500
04/07/2018;153;153;159;155;9400
05/07/2018;165;144;165;165;1700
06/07/2018;170;145;170;170;103400
09/07/2018;167;166;167;167;1500
10/07/2018;156;150;162;156;25900
11/07/2018;165;146;165;150;7700
12/07/2018;150;150;163;158;43100
13/07/2018;158;158;158;158;0
16/07/2018;150;145;150;147;2000
17/07/2018;156;148;156;154;4800
18/07/2018;163;150;163;161;6600
19/07/2018;161;161;161;161;0
20/07/2018;161;161;161;161;0
23/07/2018;161;161;161;161;0
24/07/2018;173;150;173;163;16700
25/07/2018;163;163;163;163;0
26/07/2018;163;163;163;163;0
27/07/2018;173;166;173;166;2700
30/07/2018;169;164;169;164;13600
31/07/2018;168;156;168;156;200
01/08/2018;163;150;164;160;11900
02/08/2018;160;160;160;160;200
03/08/2018;160;160;160;160;0
06/08/2018;175;160;175;165;2100
07/08/2018;169;162;169;162;16400
08/08/2018;170;151;170;162;360700
09/08/2018;168;162;168;162;300
10/08/2018;169;165;169;165;1300
13/08/2018;173;156;173;164;300
14/08/2018;164;164;164;164;0
15/08/2018;170;142;170;159;166400
16/08/2018;167;141;167;162;17900
17/08/2018;162;162;162;162;0
20/08/2018;162;162;162;162;0
21/08/2018;162;162;162;162;0
22/08/2018;162;162;162;162;0
23/08/2018;165;140;165;160;300
24/08/2018;160;160;170;170;10300
27/08/2018;170;170;170;170;0
28/08/2018;170;170;170;170;0
29/08/2018;170;170;170;170;0
30/08/2018;170;170;170;170;0
31/08/2018;170;170;170;170;0
03/09/2018;170;170;170;170;0
04/09/2018;170;170;170;170;0
05/09/2018;170;170;170;170;0
06/09/2018;170;170;170;170;0
07/09/2018;170;170;170;170;0
10/09/2018;170;170;170;170;0
11/09/2018;170;170;170;170;0
12/09/2018;170;170;170;170;0
13/09/2018;170;170;170;170;0
14/09/2018;170;170;170;170;0
17/09/2018;182;174;182;174;13500
18/09/2018;184;159;184;179;11000
19/09/2018;177;137;177;137;200
20/09/2018;141;137;161;154;45000
21/09/2018;164;154;204;155;8500
24/09/2018;137;137;167;159;3100
25/09/2018;160;140;160;158;5200
26/09/2018;160;145;160;160;20300
27/09/2018;151;151;160;160;20900
28/09/2018;160;151;160;159;400
01/10/2018;145;145;159;159;1100
02/10/2018;159;159;159;159;0
03/10/2018;170;122;170;151;12000
04/10/2018;174;160;174;167;4100
05/10/2018;165;165;165;165;100
08/10/2018;165;159;165;159;1000
09/10/2018;174;152;174;174;16400
10/10/2018;174;147;184;162;72600
11/10/2018;162;150;184;164;254700
12/10/2018;164;164;164;164;0
15/10/2018;174;156;174;157;14300
16/10/2018;173;152;173;159;23100
17/10/2018;162;152;162;160;2900
18/10/2018;162;160;172;164;8500
19/10/2018;164;156;169;157;2400
22/10/2018;150;150;160;154;52100
23/10/2018;154;154;159;154;4100
24/10/2018;152;145;152;152;16900
25/10/2018;152;152;152;152;0
26/10/2018;155;148;155;152;2200
29/10/2018;160;148;160;157;2700
30/10/2018;164;150;194;169;142900
31/10/2018;174;154;174;167;10500
01/11/2018;164;162;166;166;3100
02/11/2018;156;140;165;165;1800
05/11/2018;164;156;165;156;13500
06/11/2018;164;156;164;164;900
07/11/2018;152;152;162;158;300
08/11/2018;152;152;164;155;1800
09/11/2018;152;152;162;156;5700
12/11/2018;152;152;160;160;4900
13/11/2018;160;152;216;160;26400
14/11/2018;158;158;180;163;23200
15/11/2018;152;152;194;158;1400
16/11/2018;166;156;199;190;14600
19/11/2018;191;161;191;178;14900
20/11/2018;178;178;178;178;0
21/11/2018;160;160;189;183;8600
22/11/2018;212;162;212;173;45000
23/11/2018;173;173;173;173;0
26/11/2018;184;174;184;178;1300
27/11/2018;202;171;202;171;1500
28/11/2018;171;171;171;171;0
29/11/2018;171;171;171;171;0
30/11/2018;193;155;193;170;32300
03/12/2018;180;152;212;182;3300
04/12/2018;182;179;190;184;13300
05/12/2018;184;184;184;184;0
06/12/2018;171;161;172;172;3800
07/12/2018;166;166;190;190;4100
10/12/2018;190;190;190;190;0
11/12/2018;190;190;190;190;0
12/12/2018;190;190;190;190;0
13/12/2018;190;190;190;190;0
14/12/2018;175;175;175;175;10000
17/12/2018;175;175;190;184;800
18/12/2018;194;160;210;194;24800
19/12/2018;186;166;186;174;25200
20/12/2018;174;174;234;234;1555400
21/12/2018;234;177;260;180;2441300
24/12/2018;180;180;180;180;0
25/12/2018;180;180;180;180;0
26/12/2018;181;178;189;178;669000
27/12/2018;175;175;185;183;417600
28/12/2018;184;175;200;184;204000
31/12/2018;184;184;184;184;0
01/01/2019;184;184;184;184;0
02/01/2019;189;176;199;188;664200
03/01/2019;188;178;188;182;296500
04/01/2019;182;180;187;183;409100
07/01/2019;188;170;195;178;351700
08/01/2019;182;175;189;180;587000
09/01/2019;186;175;186;175;124500
10/01/2019;183;175;183;179;158700
11/01/2019;180;177;182;180;306900
14/01/2019;180;171;194;181;605900
15/01/2019;186;175;186;178;588200
16/01/2019;184;175;184;176;672200
17/01/2019;178;175;183;180;121300
18/01/2019;190;174;190;175;80400
21/01/2019;177;169;178;175;166300
22/01/2019;177;170;177;175;67100
23/01/2019;170;159;172;167;391500
24/01/2019;167;165;167;166;31500
25/01/2019;166;166;166;166;0
28/01/2019;174;167;175;169;13300
29/01/2019;169;165;173;171;93500
30/01/2019;171;166;171;167;25100
31/01/2019;167;167;167;167;0
01/02/2019;168;168;171;171;60200
04/02/2019;168;168;169;169;4600
05/02/2019;169;169;169;169;0
06/02/2019;168;165;168;166;87400
07/02/2019;167;166;170;169;4500
08/02/2019;169;169;169;169;0
11/02/2019;165;164;167;164;32300
12/02/2019;165;165;165;165;19200
13/02/2019;165;165;168;168;1800
14/02/2019;166;164;166;166;300
15/02/2019;166;165;166;165;2100
18/02/2019;166;163;166;163;300
19/02/2019;164;164;169;168;3100
20/02/2019;164;163;167;167;8900
21/02/2019;167;165;167;167;107500
22/02/2019;167;167;167;167;0
25/02/2019;167;165;167;165;1700
26/02/2019;165;165;165;165;0
27/02/2019;164;164;164;164;2500
28/02/2019;164;164;164;164;0
01/03/2019;164;164;164;164;0
04/03/2019;165;165;165;165;200
05/03/2019;164;164;164;164;1000
06/03/2019;163;154;170;167;12900
07/03/2019;167;167;167;167;0
08/03/2019;167;167;167;167;0
11/03/2019;167;167;167;167;0
12/03/2019;167;167;167;167;0
13/03/2019;163;163;163;163;200
14/03/2019;163;157;169;157;14100
15/03/2019;157;157;166;165;700
18/03/2019;165;165;165;165;0
19/03/2019;165;165;165;165;0
20/03/2019;160;160;163;163;500
21/03/2019;163;163;163;163;0
22/03/2019;163;163;163;163;0
25/03/2019;165;140;166;165;800
26/03/2019;164;130;166;145;56900
27/03/2019;160;140;160;155;37000
28/03/2019;160;130;160;148;9600
29/03/2019;148;148;160;150;21700
01/04/2019;142;142;155;155;18600
02/04/2019;132;132;155;155;12500
03/04/2019;155;155;155;155;0
04/04/2019;155;155;155;155;0
05/04/2019;155;155;155;155;100
08/04/2019;155;155;155;155;800
09/04/2019;167;146;167;146;700
10/04/2019;170;160;170;160;500
11/04/2019;151;150;154;154;6300
12/04/2019;154;145;156;145;9400
15/04/2019;145;145;168;165;1000
16/04/2019;165;157;165;161;10700
17/04/2019;161;161;161;161;0
18/04/2019;164;164;164;164;100
19/04/2019;164;164;164;164;0
22/04/2019;154;154;154;154;100
23/04/2019;154;154;163;163;300
24/04/2019;163;163;163;163;0
25/04/2019;163;163;163;163;0
26/04/2019;162;162;162;162;400
29/04/2019;149;149;151;150;800
30/04/2019;142;142;161;161;1500
01/05/2019;161;161;161;161;0
02/05/2019;151;151;160;160;300
03/05/2019;160;160;160;160;1100
06/05/2019;160;160;160;160;0
07/05/2019;151;151;159;159;200
08/05/2019;153;151;160;160;22700
09/05/2019;159;142;159;157;11900
10/05/2019;157;157;157;157;2000
13/05/2019;157;152;157;152;1300
14/05/2019;152;152;157;157;3500
15/05/2019;153;153;156;156;600
16/05/2019;156;155;157;157;8400
17/05/2019;157;157;158;158;1000
20/05/2019;158;158;163;163;200
21/05/2019;162;162;162;162;500
22/05/2019;160;148;160;160;700
23/05/2019;143;143;159;159;1000
24/05/2019;159;159;159;159;200
27/05/2019;155;155;158;157;7300
28/05/2019;157;151;157;157;8000
29/05/2019;158;147;160;147;11100
30/05/2019;147;147;147;147;0
31/05/2019;146;143;155;153;21500
03/06/2019;153;153;153;153;0
04/06/2019;153;153;153;153;0
05/06/2019;153;153;153;153;0
06/06/2019;153;153;153;153;0
07/06/2019;153;153;153;153;0
10/06/2019;153;140;180;173;46300
11/06/2019;164;148;167;148;300
12/06/2019;157;149;157;155;28500
13/06/2019;157;147;160;160;24500
14/06/2019;168;151;168;163;35000
17/06/2019;173;173;173;173;100
18/06/2019;170;170;170;170;100
19/06/2019;170;170;170;170;0
20/06/2019;168;168;168;168;0
21/06/2019;167;167;168;168;6700
24/06/2019;157;150;165;165;13500
25/06/2019;164;155;165;165;6400
26/06/2019;175;160;175;167;800
27/06/2019;165;165;165;165;100
28/06/2019;170;140;170;167;14900
01/07/2019;157;157;167;167;4000
02/07/2019;175;148;175;149;12700
03/07/2019;155;155;167;162;6100
04/07/2019;159;159;159;159;500
05/07/2019;156;156;159;159;1200
08/07/2019;155;155;166;165;66700
09/07/2019;156;156;172;172;65000
10/07/2019;171;155;171;160;15600
11/07/2019;180;180;180;180;100
12/07/2019;180;171;180;171;40200
15/07/2019;171;171;171;171;100
16/07/2019;169;168;169;168;12900
17/07/2019;168;168;175;169;51600
18/07/2019;180;169;180;170;23100
19/07/2019;170;170;170;170;100
22/07/2019;171;171;171;171;55200
23/07/2019;170;170;171;171;148100
24/07/2019;168;168;171;171;302200
25/07/2019;171;171;171;171;0
26/07/2019;166;165;166;165;22500
29/07/2019;165;165;165;165;0
30/07/2019;171;171;171;171;4700
31/07/2019;170;170;171;171;1200
01/08/2019;185;180;190;190;73300
02/08/2019;190;190;202;192;215200
05/08/2019;190;190;195;190;142500
06/08/2019;190;185;190;190;88700
07/08/2019;187;187;189;189;43200
08/08/2019;185;185;191;191;56000
09/08/2019;193;191;195;195;138800
12/08/2019;216;200;230;222;56500
13/08/2019;230;230;276;276;605400
14/08/2019;280;280;344;344;17100
15/08/2019;366;366;430;430;81400
16/08/2019;530;530;535;535;11000
19/08/2019;540;540;665;665;42800
20/08/2019;665;665;665;665;0
21/08/2019;710;710;830;830;266300
22/08/2019;830;830;830;830;0
23/08/2019;830;830;830;830;0
26/08/2019;830;830;830;830;0
27/08/2019;830;830;830;830;0
28/08/2019;830;830;830;830;0
29/08/2019;830;830;830;830;0
30/08/2019;830;830;830;830;0
02/09/2019;830;830;830;830;0
03/09/2019;830;830;830;830;0
04/09/2019;830;830;830;830;0
05/09/2019;830;830;830;830;0
06/09/2019;830;830;830;830;0
09/09/2019;830;830;830;830;0
10/09/2019;830;830;830;830;0
11/09/2019;830;830;830;830;0
12/09/2019;830;830;830;830;0
13/09/2019;830;830;830;830;0
16/09/2019;830;830;1025;830;1245800
17/09/2019;830;800;845;825;257900
18/09/2019;800;770;805;795;100600
19/09/2019;810;780;810;790;102400
20/09/2019;805;785;805;790;136200
23/09/2019;790;765;795;775;577600
24/09/2019;750;750;775;775;54900
25/09/2019;780;780;850;785;157700
26/09/2019;790;790;830;820;32600
27/09/2019;820;820;880;870;114300
30/09/2019;900;900;1085;1085;267300
01/10/2019;1115;1115;1355;1355;219000
02/10/2019;1400;1400;1690;1690;338700
03/10/2019;1790;1790;2110;2110;46800
04/10/2019;2110;2110;2110;2110;0
07/10/2019;2300;2300;2630;2630;165400
08/10/2019;2630;2630;2630;2630;0
09/10/2019;2630;2630;2630;2630;0
10/10/2019;2630;2630;2630;2630;0
11/10/2019;2630;2630;2630;2630;0
14/10/2019;2630;2630;2630;2630;0
15/10/2019;2630;2630;2630;2630;0
16/10/2019;2630;2630;2630;2630;0
17/10/2019;2630;2630;2630;2630;0
18/10/2019;2630;2630;2630;2630;0
21/10/2019;2630;2630;2630;2630;0
22/10/2019;2630;2630;2630;2630;0
23/10/2019;2630;2630;2630;2630;0
24/10/2019;2630;2630;2630;2630;0
25/10/2019;2630;2630;2630;2630;0
28/10/2019;2630;2630;2630;2630;0
29/10/2019;2630;2630;2630;2630;0
30/10/2019;2630;2630;2630;2630;0
31/10/2019;2630;2630;2630;2630;0
01/11/2019;2630;2630;2630;2630;0
04/11/2019;2630;2630;2630;2630;0
05/11/2019;2630;2630;2630;2630;0
06/11/2019;2920;2670;3280;3280;283500
07/11/2019;3480;3480;4100;4100;71300
08/11/2019;4700;3080;5125;3080;533700
11/11/2019;2890;2310;2970;2310;58100
12/11/2019;2310;1735;2310;1735;180100
13/11/2019;1650;1310;2160;2160;780400
14/11/2019;2380;2260;2700;2700;522500
15/11/2019;2950;2950;3370;2950;773500
18/11/2019;3000;2870;3500;3050;395100
19/11/2019;3100;2850;3350;2850;205600
20/11/2019;2700;2140;2700;2230;198200
21/11/2019;2300;1925;2300;2150;123100
22/11/2019;2150;1975;2150;1990;63800
25/11/2019;2010;1935;2200;2010;31300
26/11/2019;2100;1900;2110;1965;45500
27/11/2019;1965;1950;1965;1960;27600
28/11/2019;1905;1900;1940;1900;21000
29/11/2019;1900;1900;1905;1900;3000
02/12/2019;1900;1800;1900;1805;27100
03/12/2019;1800;1650;1800;1740;22400
04/12/2019;1730;1725;1910;1910;26500
05/12/2019;1955;1955;2350;2150;130700
06/12/2019;2190;2150;2390;2210;94500
09/12/2019;2260;2160;2260;2200;63200
10/12/2019;2180;2140;2180;2160;42300
11/12/2019;2140;2140;2250;2180;57500
12/12/2019;2180;2180;2280;2200;18400
13/12/2019;2200;2200;2200;2200;8800
16/12/2019;2200;2200;2230;2200;17700
17/12/2019;2200;2200;2260;2260;28500
18/12/2019;2260;2200;2260;2250;101600
19/12/2019;2250;2200;2250;2200;20600
20/12/2019;2160;2160;2170;2170;5800
23/12/2019;2170;2170;2350;2200;26100
24/12/2019;2170;2170;2350;2200;0
25/12/2019;2170;2170;2350;2200;0
26/12/2019;2200;2200;2220;2220;3700
27/12/2019;2350;2350;2770;2770;220500
30/12/2019;2900;2900;3450;3100;254500
31/12/2019;2900;2900;3450;3100;0
01/01/2020;2900;2900;3450;3100;0
02/01/2020;3200;3030;3300;3100;96700
03/01/2020;3100;3100;3200;3100;34300
06/01/2020;3100;2800;3100;2850;165200
07/01/2020;2850;2850;2850;2850;18600
08/01/2020;2850;2850;3040;2850;8800
09/01/2020;2870;2860;2880;2870;7900
10/01/2020;2870;2850;2870;2850;6200
13/01/2020;2950;2850;2950;2870;8100
14/01/2020;2870;2870;3010;2880;9100
15/01/2020;2850;2840;2890;2890;10200
16/01/2020;2900;2900;2900;2900;9700
17/01/2020;2900;2900;2900;2900;2300
20/01/2020;2900;2900;2900;2900;6300
21/01/2020;2900;2900;3080;2950;31000
22/01/2020;2950;2950;3200;3190;57400
23/01/2020;3200;3150;3300;3250;29500
24/01/2020;3250;3250;3350;3290;12600
27/01/2020;3290;3290;4100;4000;98400
28/01/2020;4110;3310;4110;3310;44800
29/01/2020;3300;3300;3460;3460;6500
30/01/2020;3460;3460;3700;3700;7200
31/01/2020;3700;3500;3700;3590;14700
03/02/2020;3500;3400;3500;3500;5100
04/02/2020;3500;3400;3500;3500;5000
05/02/2020;3500;3340;3600;3450;18700
06/02/2020;3450;3400;3450;3450;5400
07/02/2020;3400;3350;3450;3400;9400
10/02/2020;3400;3400;3800;3500;25800
11/02/2020;3500;3480;3500;3500;7300
12/02/2020;3500;3400;3500;3400;1800
13/02/2020;3400;3400;3500;3450;6500
14/02/2020;3410;3400;3410;3410;47900
17/02/2020;3410;3410;3500;3410;1600
18/02/2020;3400;3400;3580;3580;5700
19/02/2020;3580;3500;3750;3650;9700
20/02/2020;3650;3650;3750;3750;5400
21/02/2020;3750;3500;3750;3500;1500
24/02/2020;3500;3500;3500;3500;300
25/02/2020;3500;3500;3500;3500;1100
26/02/2020;3420;3400;3420;3400;10300
27/02/2020;3400;3300;3400;3400;25000
28/02/2020;3400;3200;3400;3200;28800
02/03/2020;3050;3050;3200;3110;22100
03/03/2020;3250;3200;3700;3200;12700
04/03/2020;3200;3200;3400;3400;2800
05/03/2020;3150;3150;3250;3250;6300
06/03/2020;3350;3120;3350;3120;200
09/03/2020;3130;3120;3130;3120;4100
10/03/2020;3200;3200;3350;3350;1100
11/03/2020;3210;3120;3210;3150;12500
12/03/2020;3100;3100;3140;3100;25500
13/03/2020;3100;2890;3100;2900;43300
16/03/2020;2700;2700;2700;2700;9600
17/03/2020;2520;2520;2550;2520;28900
18/03/2020;2500;2350;2600;2360;1600
19/03/2020;2210;2200;2220;2200;28400
20/03/2020;2060;2060;2300;2300;800
23/03/2020;2500;2500;2870;2870;29800
24/03/2020;3550;3550;3580;3580;18700
25/03/2020;3550;3550;3580;3580;0
26/03/2020;3390;3370;3400;3370;23700
27/03/2020;3140;3140;3370;3140;73100
30/03/2020;492;492;590;590;6200
31/03/2020;655;655;735;735;400
01/04/2020;915;915;915;915;32600
02/04/2020;1140;1140;1140;1140;288300
03/04/2020;1230;1100;1425;1200;890900
06/04/2020;1190;1120;1190;1120;252200
07/04/2020;1045;1045;1045;1045;122900
08/04/2020;975;975;975;975;148700
09/04/2020;910;910;910;910;40500
10/04/2020;910;910;910;910;0
13/04/2020;850;850;850;850;32800
14/04/2020;795;795;1060;1020;1789700
15/04/2020;1050;950;1090;960;667100
16/04/2020;930;900;985;940;140600
17/04/2020;980;955;980;955;77500
20/04/2020;950;905;955;940;135400
21/04/2020;925;890;925;900;87000
22/04/2020;900;875;900;885;30200
23/04/2020;930;890;950;905;53000
24/04/2020;905;905;905;905;5300
27/04/2020;880;875;930;875;77300
28/04/2020;875;850;875;860;43700
29/04/2020;860;850;875;850;56100
30/04/2020;850;850;875;870;74500
01/05/2020;850;850;875;870;0
04/05/2020;704;704;725;721;178457
05/05/2020;721;704;721;704;60289
06/05/2020;709;704;721;721;55948
07/05/2020;709;704;721;721;0
08/05/2020;746;721;746;721;23513
11/05/2020;721;721;725;721;245620
12/05/2020;721;721;729;725;372831
13/05/2020;725;725;729;729;90193
14/05/2020;729;729;733;729;186898
15/05/2020;729;729;746;733;244173
18/05/2020;746;746;746;746;29662
19/05/2020;704;704;746;742;44132
20/05/2020;742;725;746;742;11816
21/05/2020;742;725;746;742;0
22/05/2020;742;725;746;742;0
25/05/2020;742;725;746;742;0
26/05/2020;746;717;746;746;28215
27/05/2020;746;746;754;746;92002
28/05/2020;746;713;750;746;34365
29/05/2020;746;721;746;725;108159
01/06/2020;746;721;746;725;0
02/06/2020;746;725;746;729;271062
03/06/2020;729;725;746;729;165917
04/06/2020;746;729;746;729;56310
05/06/2020;729;725;829;829;243450
08/06/2020;829;787;829;812;328096
09/06/2020;812;812;825;825;88384
10/06/2020;825;808;841;841;129864
11/06/2020;841;841;1011;982;760133
12/06/2020;986;978;1161;1078;1822800
15/06/2020;1090;1003;1094;1044;334246
16/06/2020;1044;999;1078;1044;197268
17/06/2020;1044;1036;1053;1040;160008
18/06/2020;1049;1049;1082;1082;440838
19/06/2020;1086;1082;1119;1119;687785
22/06/2020;1127;1078;1127;1115;418169
23/06/2020;1119;1115;1136;1123;395621
24/06/2020;1123;1119;1132;1123;188224
25/06/2020;1123;1115;1161;1132;172911
26/06/2020;1144;1115;1144;1115;433362
29/06/2020;1115;1115;1181;1181;490517
30/06/2020;1243;1202;1476;1467;2468985
01/07/2020;1492;1484;1832;1832;5434638
02/07/2020;1874;1832;2288;2288;6766680
03/07/2020;2322;2156;2819;2405;9333697
06/07/2020;2405;2405;2405;2405;0
07/07/2020;2421;2239;2728;2405;2000172
08/07/2020;2405;2264;2405;2264;726853
09/07/2020;2280;2280;2554;2446;1372556
10/07/2020;2463;2446;2529;2454;442888
13/07/2020;2471;2363;2496;2421;341722
14/07/2020;2405;2264;2405;2313;565156
15/07/2020;2322;2305;2487;2371;265395
16/07/2020;2363;2338;2413;2355;43167
17/07/2020;2355;2305;2371;2313;96343
20/07/2020;2313;2280;2330;2322;218851
21/07/2020;2322;2297;2346;2322;129381
22/07/2020;2305;2297;2355;2322;221625
23/07/2020;2239;2239;2346;2305;156391
24/07/2020;2313;2297;2322;2305;98634
27/07/2020;2313;2264;2446;2322;225965
28/07/2020;2330;2305;2355;2305;322309
29/07/2020;2305;2280;2322;2297;131552
30/07/2020;2297;2280;2322;2322;341481
31/07/2020;2297;2280;2322;2322;0
03/08/2020;2322;2272;2322;2272;233683
04/08/2020;2272;2272;2288;2280;121182
05/08/2020;2280;2264;2288;2280;99839
06/08/2020;2272;2264;2280;2280;49196
07/08/2020;2280;2264;2280;2272;27492
10/08/2020;2272;2264;2280;2272;69574
11/08/2020;2280;2247;2280;2255;108159
12/08/2020;2255;2247;2272;2255;36656
13/08/2020;2255;2156;2255;2197;355830
14/08/2020;2197;2156;2214;2172;70900
17/08/2020;2197;2156;2214;2172;0
18/08/2020;2189;2172;2214;2214;41720
19/08/2020;2214;2172;2214;2197;90675
20/08/2020;2214;2172;2214;2197;0
21/08/2020;2214;2172;2214;2197;0
24/08/2020;2206;2181;2239;2197;162058
25/08/2020;2197;2172;2197;2189;123232
26/08/2020;2197;2164;2197;2164;312662
27/08/2020;2189;2040;2189;2114;239591
28/08/2020;2114;1990;2114;2114;262622
31/08/2020;2123;2123;2487;2181;954627
01/09/2020;2197;2197;2322;2313;379343
02/09/2020;2313;2247;2322;2288;175563
03/09/2020;2288;2288;2371;2338;171343
04/09/2020;2280;2230;2338;2305;85490
07/09/2020;2305;2239;2305;2305;29662
08/09/2020;2305;2272;2322;2288;73794
09/09/2020;2280;2239;2305;2272;53054
10/09/2020;2239;2114;2272;2239;838509
11/09/2020;2230;2222;2255;2222;183401
14/09/2020;2222;2222;2380;2330;203417
15/09/2020;2330;2330;2380;2363;148674
16/09/2020;2363;2363;2405;2380;259487
17/09/2020;2380;2280;2388;2388;149759
18/09/2020;2388;2346;2388;2371;22427
21/09/2020;2380;2363;2438;2371;579866
22/09/2020;2388;2371;2388;2371;43529
23/09/2020;2371;2363;2388;2371;203658
24/09/2020;2355;2338;2388;2338;112138
25/09/2020;2338;2338;2380;2380;149156
28/09/2020;2380;2363;2388;2371;142163
29/09/2020;2371;2355;2371;2363;146383
30/09/2020;2363;2346;2363;2355;148553
01/10/2020;2363;2355;2380;2363;171946
02/10/2020;2363;2288;2363;2346;90193
05/10/2020;2346;2222;2346;2322;630510
06/10/2020;2346;2322;2355;2355;106109
07/10/2020;2355;2313;2355;2330;67886
08/10/2020;2330;2322;2338;2322;92122
09/10/2020;2322;2313;2330;2322;165193
12/10/2020;2322;2305;2322;2305;21704
13/10/2020;2305;2247;2305;2305;171222
14/10/2020;2305;2230;2305;2272;383804
15/10/2020;2288;2189;2288;2264;217043
16/10/2020;2264;2181;2264;2247;208240
19/10/2020;2247;2147;2247;2156;219334
20/10/2020;2156;2156;2272;2239;563950
21/10/2020;2239;2239;2239;2239;22668
22/10/2020;2239;2206;2239;2214;203297
23/10/2020;2239;2230;2255;2239;282276
26/10/2020;2239;2230;2322;2322;392245
27/10/2020;2322;2322;2380;2363;417084
28/10/2020;2322;2322;2380;2363;0
29/10/2020;2322;2322;2380;2363;0
30/10/2020;2322;2322;2380;2363;0
02/11/2020;2363;2363;2405;2371;165796
03/11/2020;2405;2371;2438;2421;434327
04/11/2020;2405;2405;2454;2446;306633
05/11/2020;2446;2405;2562;2405;477615
06/11/2020;2413;2363;2421;2421;139992
09/11/2020;2479;2396;2479;2405;163023
10/11/2020;2405;2380;2429;2429;245138
11/11/2020;2429;2405;2429;2405;109968
12/11/2020;2421;2413;2446;2413;227051
13/11/2020;2421;2371;2421;2405;31350
16/11/2020;2405;2396;2405;2396;103577
17/11/2020;2405;2405;2429;2413;160250
18/11/2020;2413;2405;2438;2405;191480
19/11/2020;2421;2405;2429;2421;249961
20/11/2020;2413;2405;2429;2405;221625
23/11/2020;2429;2405;2429;2429;90555
24/11/2020;2421;2421;2438;2421;111777
25/11/2020;2405;2405;2446;2421;204864
26/11/2020;2446;2405;2454;2429;137822
27/11/2020;2413;2405;2446;2446;122870
30/11/2020;2454;2396;2487;2396;1338673
01/12/2020;2405;2363;2421;2405;345580
02/12/2020;2405;2363;2429;2413;698034
03/12/2020;2421;2405;2902;2736;2247963
04/12/2020;2745;2736;3358;3358;2183212
07/12/2020;3333;3126;3358;3126;2279917
08/12/2020;3126;2910;3126;2910;1612268
09/12/2020;3126;2910;3126;2910;0
10/12/2020;2910;2711;2910;2778;3059101
11/12/2020;2778;2662;2819;2745;1307684
14/12/2020;2778;2778;3143;3068;1884657
15/12/2020;3068;3068;3242;3109;2073364
16/12/2020;3109;3101;3217;3184;1494341
17/12/2020;3184;3085;3242;3184;1744544
18/12/2020;3151;3151;3773;3234;4894563
21/12/2020;3400;3309;4038;3358;28566007
22/12/2020;3383;3342;3524;3400;8952786
23/12/2020;3425;3234;3450;3375;3659105
24/12/2020;3425;3234;3450;3375;0
25/12/2020;3425;3234;3450;3375;0
28/12/2020;3383;3383;3649;3541;5483232
29/12/2020;3566;3549;3673;3574;4373539
30/12/2020;3574;3532;3649;3566;3192101
31/12/2020;3574;3532;3649;3566;0
01/01/2021;3574;3532;3649;3566;0
04/01/2021;3566;3466;3640;3516;2032849
05/01/2021;3566;3549;3980;3690;12598749
06/01/2021;3731;3433;3814;3491;16386151
07/01/2021;3508;3508;3607;3574;6066475
08/01/2021;3574;3541;3607;3549;2570996
11/01/2021;3549;3458;3582;3566;4609754
12/01/2021;3566;3524;3599;3566;3458220
13/01/2021;3566;3549;3806;3607;5122217
14/01/2021;3632;3632;3814;3765;4986565
15/01/2021;3781;3765;4706;4706;31613653
18/01/2021;4893;4395;5100;4727;10064529
19/01/2021;4768;4436;5017;4644;4887931
20/01/2021;4664;4664;4934;4851;2459580
21/01/2021;4851;4830;5805;5141;24305089
22/01/2021;5183;5038;5390;5307;7871670
25/01/2021;5349;4975;5722;5660;18064617
26/01/2021;5722;5266;5950;5432;10996488
27/01/2021;5473;5183;5535;5473;4163007
28/01/2021;5452;5141;5535;5307;3286756
29/01/2021;5390;5286;5680;5556;4761202
01/02/2021;5597;5390;5971;5805;8334937
02/02/2021;5805;5805;6054;5888;4189896
03/02/2021;5971;5784;5991;5784;2763079
04/02/2021;5805;5722;5867;5805;4250909
05/02/2021;5826;5826;5950;5846;4051230
08/02/2021;5867;5680;5929;5846;8403305
09/02/2021;5888;5763;5908;5805;2683979
10/02/2021;5805;5722;6178;5929;4592029
11/02/2021;5991;5950;6116;5971;3643068
12/02/2021;5991;5950;6116;5971;0
15/02/2021;6033;5971;6593;6344;9010785
16/02/2021;6489;6427;6634;6551;2964085
17/02/2021;6634;6593;7443;7007;11043152
18/02/2021;7173;6987;7318;7132;7247672
19/02/2021;7132;7090;7857;7774;12191672
22/02/2021;7837;7816;9309;9039;29714647
23/02/2021;9060;8417;9122;8417;17611359
24/02/2021;8293;7837;8749;8728;30563044
25/02/2021;8790;8210;8790;8583;8179028
26/02/2021;8500;8127;8562;8293;9325497
01/03/2021;8272;8148;8583;8293;5472741
02/03/2021;8459;8251;8542;8500;7640158
03/03/2021;8500;8500;9578;9081;14021828
04/03/2021;9039;8687;9516;9205;10404443
05/03/2021;9300;9275;10500;9500;13454000
08/03/2021;9700;9550;10000;9700;3638900
09/03/2021;9700;9525;10275;10225;5039300
10/03/2021;10225;10000;11900;10975;16577100
11/03/2021;10225;10000;11900;10975;0
12/03/2021;10975;10975;11750;11375;6368800
15/03/2021;11450;10675;11450;10850;7194300
16/03/2021;10850;10100;10850;10100;9543100
17/03/2021;10000;9400;10050;9875;10959200
18/03/2021;9875;9875;10750;10600;16407500
19/03/2021;10600;10250;10625;10450;8325200
22/03/2021;10475;9975;10475;10000;5940200
23/03/2021;10000;9325;10050;9375;10615200
24/03/2021;9400;8800;9750;9575;12054900
25/03/2021;9575;9225;9675;9425;4532800
26/03/2021;9450;9300;9925;9900;10001900
29/03/2021;10000;9850;10375;10050;7381800
30/03/2021;10100;9575;10200;9975;4565600
31/03/2021;9975;9500;10100;9725;3748900
01/04/2021;9725;9725;10025;9975;8461000
02/04/2021;9725;9725;10025;9975;0
05/04/2021;10000;9825;10125;10075;4132900
06/04/2021;10075;9925;10075;10075;2927200
07/04/2021;10075;9900;10075;10050;3602300
08/04/2021;10050;9875;10050;9900;3671900
09/04/2021;10000;9850;10075;10025;6896900
12/04/2021;10025;10025;11000;10725;20493500
13/04/2021;10750;10350;10850;10550;5841800
14/04/2021;10650;10600;11225;10925;11955800
15/04/2021;11200;10975;11650;11050;14407700
16/04/2021;11100;11000;11475;11200;6576200
19/04/2021;11200;10800;11350;11075;7028800
20/04/2021;11075;10575;11075;10800;5454400
21/04/2021;10800;10650;10900;10775;2216700
22/04/2021;10800;10500;10875;10600;3055800
23/04/2021;10600;10350;10650;10350;2787700
26/04/2021;10375;9900;10400;9950;6374600
27/04/2021;9950;9725;10200;10025;8089200
28/04/2021;10025;10025;10500;10475;5351600
29/04/2021;10475;10350;10600;10375;1779300
30/04/2021;10400;10050;10400;10150;3777900
03/05/2021;10150;9925;10150;10025;2346800
04/05/2021;10050;9975;10125;9975;3301400
05/05/2021;9975;9875;10025;9925;2150100
06/05/2021;9950;9875;10125;10125;2430700
07/05/2021;10125;10050;10200;10100;1750700
10/05/2021;10100;10075;10575;10500;25279100
11/05/2021;10500;10275;10575;10500;35822600
12/05/2021;10500;10275;10575;10500;0
13/05/2021;10500;10275;10575;10500;0
14/05/2021;10500;10275;10575;10500;0
17/05/2021;10600;10425;11025;10700;35533000
18/05/2021;10750;10250;10925;10575;20797700
19/05/2021;10575;10150;10675;10200;14848700
20/05/2021;10150;10000;10300;10200;21508500
21/05/2021;10200;10025;10325;10075;8668600
24/05/2021;10075;10075;10650;10650;38553900
25/05/2021;10675;10600;11825;11675;74784000
26/05/2021;10675;10600;11825;11675;0
27/05/2021;11675;11675;12550;12475;81425100
28/05/2021;12475;11675;12550;12150;22374400
31/05/2021;12100;11500;12150;12150;36531500
01/06/2021;12100;11500;12150;12150;0
02/06/2021;12100;12000;12650;12175;35190200
03/06/2021;12175;11800;12250;11850;19626000
04/06/2021;11850;11800;12100;11875;20934000
07/06/2021;11900;11900;12475;12300;36920500
08/06/2021;12350;11925;12475;12050;14945900
09/06/2021;12050;12025;13300;12600;56485700
10/06/2021;12725;12275;12950;12900;30836700
11/06/2021;12925;12550;13275;13000;26274300
14/06/2021;13025;12650;13475;12950;18558700
15/06/2021;12950;12725;13050;12925;23267100
16/06/2021;12925;12925;14275;14000;65863000
17/06/2021;14075;13500;14200;14075;35352000
18/06/2021;14075;13300;14400;14075;25748300
21/06/2021;14075;13525;14150;14150;18496300
22/06/2021;14150;13950;14950;14850;25456000
23/06/2021;14850;13825;15000;13825;23232000
24/06/2021;13825;13150;13925;13875;19260400
25/06/2021;13875;13550;14100;13575;15267600
28/06/2021;13600;13350;13775;13450;14158900
29/06/2021;13400;12575;13750;13725;20638600
30/06/2021;13725;13400;13875;13625;15439400
01/07/2021;13625;13525;14225;13525;15941500
02/07/2021;13525;13200;13900;13225;10032000
05/07/2021;13225;13225;14500;14400;25420300
06/07/2021;14550;13950;14650;14225;13381500
07/07/2021;14225;13850;14400;13925;10979800
08/07/2021;13925;13925;14275;14000;12300800
09/07/2021;14000;13850;14225;13900;8519000
12/07/2021;13925;13850;14900;14575;23530900
13/07/2021;14650;14000;14825;14175;8744800
14/07/2021;14175;13500;14550;14550;11162900
15/07/2021;14550;14375;15300;15100;25168100
16/07/2021;15100;15075;15950;15900;19150900
19/07/2021;15900;15150;15900;15300;12285200
20/07/2021;15900;15150;15900;15300;0
21/07/2021;15300;14850;15500;15075;10908300
22/07/2021;15150;15075;15900;15875;13295900
23/07/2021;15900;15875;16875;16350;24362200
26/07/2021;16350;16350;17050;16825;13571700
27/07/2021;16825;16575;17725;17400;26598000
28/07/2021;17400;17375;18225;18200;28685900
29/07/2021;18200;17625;18500;18375;23800800
30/07/2021;18400;17400;19050;17950;19249400
02/08/2021;18000;17100;18000;17425;17925000
03/08/2021;17425;16700;17850;16975;18776700
04/08/2021;16975;16275;17100;17000;19484300
05/08/2021;17000;16300;17100;16325;25209100
06/08/2021;16325;16300;17175;16800;21239000
09/08/2021;16900;16000;17100;16175;18920800
10/08/2021;16175;15500;16450;16000;20058000
11/08/2021;16175;15500;16450;16000;0
12/08/2021;16000;15400;16775;16700;25169500
13/08/2021;16750;16125;16875;16225;17193600
16/08/2021;16225;15500;16400;15750;17580800
17/08/2021;16225;15500;16400;15750;0
18/08/2021;15750;15550;16900;16800;53015700
19/08/2021;16800;15850;16900;16000;16060800
20/08/2021;16000;15650;16125;16000;20012400
23/08/2021;16100;15900;16550;16475;18048800
24/08/2021;16475;16175;16500;16200;11844400
25/08/2021;16200;16175;16675;16500;20048900
26/08/2021;16500;15700;16550;15825;12954100
27/08/2021;15825;15500;15925;15525;13860500
30/08/2021;15825;15500;16025;15725;19513400
31/08/2021;15725;15050;15800;15175;17250700
01/09/2021;15150;14450;15425;14500;18838700
02/09/2021;14500;13750;14600;14050;24246500
03/09/2021;14100;13500;14775;14650;38612600
06/09/2021;14750;14050;14875;14425;20351900
07/09/2021;14425;14125;14500;14200;15093500
08/09/2021;14200;13650;14275;13975;30468400
09/09/2021;13975;13675;14325;14000;25857100
10/09/2021;14000;14000;14875;14825;31327700
13/09/2021;14825;14350;15025;14925;24247600
14/09/2021;15000;14600;15175;14950;23266700
15/09/2021;14950;14600;14950;14700;13392100
16/09/2021;14700;14375;14975;14800;24316100
17/09/2021;14800;14625;16100;15850;53906100
20/09/2021;15750;15750;16600;16175;29115500
21/09/2021;16000;15375;16000;15700;17829300
22/09/2021;15850;15850;16550;16300;41239300
23/09/2021;16300;16200;16800;16675;39647900
24/09/2021;16675;15850;16700;15950;30631800
27/09/2021;15950;15800;16400;15900;19340200
28/09/2021;15900;14925;16000;15100;13745400
29/09/2021;15000;14800;15425;14950;8557400
30/09/2021;14975;14900;15200;15100;6544800
01/10/2021;15100;14350;15175;15075;10009700
04/10/2021;15075;14400;15475;14500;13945100
05/10/2021;14500;13650;14750;13825;20418000
06/10/2021;13825;13425;14250;13600;23720200
07/10/2021;13600;13000;14000;13125;16374300
08/10/2021;13200;12550;13450;12925;24512100
11/10/2021;12925;12100;12925;12350;30761000
12/10/2021;12350;12300;13000;12700;43069800
13/10/2021;12700;12100;12725;12250;24931700
14/10/2021;12250;11800;12750;12375;37990300
15/10/2021;12375;12100;13200;13125;42019800
18/10/2021;13125;12750;13575;13425;23565800
19/10/2021;13300;13100;13900;13825;29051000
20/10/2021;13300;13100;13900;13825;0
21/10/2021;13850;13625;14750;14750;31045000
22/10/2021;14850;14500;15150;14900;49227200
25/10/2021;14900;14850;15200;14925;19603900
26/10/2021;14900;14900;15450;15175;38421200
27/10/2021;15200;14825;15375;14825;12337100
28/10/2021;14825;14500;15000;14850;26393900
29/10/2021;14850;14850;15625;15500;40556400
01/11/2021;15500;15000;15600;15000;13222100
02/11/2021;15000;14950;15350;15300;30852000
03/11/2021;15300;15250;15475;15400;20798300
04/11/2021;15450;15000;15475;15200;17243400
05/11/2021;15200;15150;15475;15175;16423000
08/11/2021;15200;15150;16200;16025;47249200
09/11/2021;16025;15825;16825;16725;52503700
10/11/2021;16700;16225;16975;16425;20583500
11/11/2021;16400;15600;16450;16275;26032900
12/11/2021;16275;15250;16275;15500;33601500
15/11/2021;15700;15050;15800;15625;30984600
16/11/2021;15625;15200;15875;15825;38489300
17/11/2021;15825;15700;15875;15800;19203700
18/11/2021;15800;15300;15800;15450;28210500
19/11/2021;15450;15200;15775;15500;25591600
22/11/2021;15500;15275;15675;15500;21151400
23/11/2021;15500;14700;15500;14700;18673500
24/11/2021;14700;14325;15500;15200;38573200
25/11/2021;15450;15200;15725;15200;33567500
26/11/2021;15225;14550;15475;14750;21172600
29/11/2021;14550;14500;15450;15375;30523700
30/11/2021;15375;15325;16125;15825;28392600
01/12/2021;15825;15025;15850;15550;20305900
02/12/2021;15525;15000;15575;15450;17967900
03/12/2021;15425;15200;16000;15250;19171000
06/12/2021;15200;15100;15875;15400;22034400
07/12/2021;15450;15075;15600;15100;22444500
08/12/2021;15100;15100;15600;15575;25051200
09/12/2021;15700;15500;15975;15725;25714400
10/12/2021;15725;15625;16000;15950;21840100
13/12/2021;16000;15550;16000;15775;21613800
14/12/2021;15800;15300;15800;15350;15279000
15/12/2021;15400;15350;16200;15625;32746400
16/12/2021;15725;15350;16175;16175;28939300
17/12/2021;16175;15800;16500;15900;30740700
20/12/2021;16000;15525;16125;15775;25065300
21/12/2021;15700;15550;15800;15775;17748000
22/12/2021;15800;15775;16625;16475;45325200
23/12/2021;16500;16500;17775;17650;56203700
24/12/2021;17500;17125;17875;17250;21820200
27/12/2021;17250;16800;17500;16825;17444900
28/12/2021;16825;16725;17275;17125;28623200
29/12/2021;17200;16850;17325;17125;19443100
30/12/2021;17125;16000;17250;16000;30775900
31/12/2021;17125;16000;17250;16000;0
03/01/2022;16000;15975;17550;17325;42672000
04/01/2022;17375;17325;17875;17400;28631200
05/01/2022;17400;17200;18000;17775;37666600
06/01/2022;17700;17125;18675;18550;49061300
07/01/2022;18550;18200;18850;18800;45626700
10/01/2022;18800;18650;19150;18950;43034600
11/01/2022;18950;18100;19000;18325;26293400
12/01/2022;18325;17825;18500;17850;38275700
13/01/2022;17925;16850;18075;17375;29782200
14/01/2022;17400;17000;18900;18575;61999700
17/01/2022;18575;18375;19000;18650;46151900
18/01/2022;18650;18275;19400;18875;47642500
19/01/2022;18875;18700;19050;18975;54171900
20/01/2022;19100;18600;19500;18650;60229900
21/01/2022;18600;18200;19175;19000;56571300
24/01/2022;19050;18250;19475;18350;49965000
25/01/2022;18400;17075;18400;17075;51032300
26/01/2022;17000;15900;17000;15900;66048000
27/01/2022;15600;15000;16150;15900;58755900
28/01/2022;16000;15725;16475;16075;45018600
31/01/2022;16200;16050;16400;16400;31025800
01/02/2022;16200;16050;16400;16400;0
02/02/2022;16500;16425;17300;17300;52685300
03/02/2022;17300;16425;17350;16600;28600000
04/02/2022;16550;16300;16875;16700;21052900
07/02/2022;16700;16175;17400;16500;36466500
08/02/2022;16500;15800;16700;16475;22018300
09/02/2022;16400;16025;16875;16150;22895900
10/02/2022;16300;15025;16500;15100;59655200
11/02/2022;15100;14225;15400;14950;47930500
14/02/2022;14900;13975;14950;14150;47478700
15/02/2022;14150;13750;14750;14425;62535100
16/02/2022;14600;14550;15250;15075;45359900
17/02/2022;15075;14800;15350;15200;41933500
18/02/2022;15275;15100;15675;15450;44299200
21/02/2022;15675;15450;16125;16000;44154900
22/02/2022;16025;15975;16525;16175;49866500
23/02/2022;16175;15800;16425;15950;37748800
24/02/2022;15900;15050;16150;15275;51464800
25/02/2022;15275;15200;16300;16175;314138700
28/02/2022;15275;15200;16300;16175;0
01/03/2022;16125;15925;16900;16500;53067400
02/03/2022;16400;15450;16500;15750;32623200
03/03/2022;16400;15450;16500;15750;0
04/03/2022;15750;15600;16100;15775;21031700
07/03/2022;15925;15175;15925;15775;21625400
08/03/2022;15575;15000;15775;15000;21642700
09/03/2022;14950;14800;15450;14950;17230000
10/03/2022;15200;15200;15850;15775;31054900
11/03/2022;15700;15250;15775;15600;17719200
14/03/2022;15600;15275;15600;15400;19393400
15/03/2022;15400;14400;15500;15000;37775700
16/03/2022;15000;15000;15700;15650;29433600
17/03/2022;15700;15450;15825;15550;15102000
18/03/2022;15375;15125;15650;15525;20148300
21/03/2022;15525;15125;15600;15525;17585300
22/03/2022;15525;14950;15650;15075;18724900
23/03/2022;15075;14500;15225;14500;27813000
24/03/2022;14500;14425;14875;14825;20189500
25/03/2022;14825;14300;14900;14350;15068500
28/03/2022;14350;14200;14550;14275;14084800
29/03/2022;14275;13950;14350;13975;15641400
30/03/2022;14100;13975;14600;14450;18736300
31/03/2022;14700;14200;14725;14650;16795700
01/04/2022;14625;13950;14650;14025;18553700
04/04/2022;14200;13700;14200;13800;13284700
05/04/2022;13875;13275;14000;13300;15144600
06/04/2022;13250;12800;13600;12950;20777600
07/04/2022;12950;12825;13975;13550;29664700
08/04/2022;13700;13225;13950;13750;21525900
11/04/2022;13850;13050;13850;13050;8726400
12/04/2022;13050;13000;13325;13300;18586400
13/04/2022;13300;12900;13300;13000;13946700
14/04/2022;13050;12800;13050;13000;13170700
15/04/2022;13050;12800;13050;13000;0
18/04/2022;13000;12800;13100;12825;7223700
19/04/2022;12825;12550;12950;12575;9511400
20/04/2022;12625;12100;12700;12400;14003800
21/04/2022;12400;12250;12900;12425;13165400
22/04/2022;12375;12200;13200;12400;18745700
25/04/2022;12400;12100;12550;12275;5458600
26/04/2022;12275;12000;12500;12400;12514900
27/04/2022;12225;11750;12400;11850;13700400
28/04/2022;11900;11350;11975;11650;23937600
29/04/2022;11900;11350;11975;11650;0
02/05/2022;11900;11350;11975;11650;0
03/05/2022;11900;11350;11975;11650;0
04/05/2022;11900;11350;11975;11650;0
05/05/2022;11900;11350;11975;11650;0
06/05/2022;11900;11350;11975;11650;0
09/05/2022;11425;10850;11550;10850;8127000
10/05/2022;10600;10100;10600;10100;9336000
11/05/2022;9900;9400;9900;9400;6245200
12/05/2022;9000;8750;9000;8750;2596600
13/05/2022;8500;8150;8500;8150;2806800
16/05/2022;8500;8150;8500;8150;0
17/05/2022;8000;7600;8000;7600;6051800
18/05/2022;7125;7075;7800;7075;92767500
19/05/2022;7050;6600;8475;8475;128794800
20/05/2022;8550;7925;8900;8375;54270700
23/05/2022;8375;7800;8650;7800;24696500
24/05/2022;7850;7525;8250;7900;28559700
25/05/2022;7850;7425;7950;7675;21427300
26/05/2022;7850;7425;7950;7675;0
27/05/2022;7700;7700;8775;8775;37967500
30/05/2022;9000;8500;9175;9125;39814200
31/05/2022;9150;8725;9375;9375;46326700
01/06/2022;9150;8725;9375;9375;0
02/06/2022;9300;8900;9300;8950;16810300
03/06/2022;9050;9000;9275;9000;11779300
06/06/2022;8900;8375;9075;8500;19772300
07/06/2022;8500;8200;8775;8200;18914600
08/06/2022;8300;8200;9000;8525;31724700
09/06/2022;8550;8550;9000;8900;17259400
10/06/2022;8800;8425;8900;8700;21245500
13/06/2022;8475;8100;8625;8450;25016200
14/06/2022;8500;8300;9150;9100;17355200
15/06/2022;9100;8925;9450;9100;24569400
16/06/2022;9250;9100;9925;9825;29540200
17/06/2022;9800;9150;9800;9500;22439800
20/06/2022;9450;9025;9625;9600;17894500
21/06/2022;9600;9350;9725;9450;26042500
22/06/2022;9550;9000;9600;9250;33793700
23/06/2022;9300;8900;9300;9025;16506900
24/06/2022;9050;8950;9225;9000;18508500
27/06/2022;9075;9025;9525;9200;22127800
28/06/2022;9200;8975;9400;9325;14940300
29/06/2022;9250;9175;9550;9400;17302600
30/06/2022;9400;8975;9575;9150;16558700
01/07/2022;9100;8525;9200;8525;15366000
04/07/2022;8500;7950;8500;7950;9012500
05/07/2022;7900;7525;8150;7525;15651900
06/07/2022;7625;7425;8025;7800;17179400
07/07/2022;7800;7800;8650;8525;21123400
08/07/2022;8550;8550;9200;9150;19308700
11/07/2022;9150;9025;9350;9200;13711000
12/07/2022;9200;8725;9200;8725;9318500
13/07/2022;8725;8700;9350;9200;25105700
14/07/2022;9200;8675;9475;8675;20032000
15/07/2022;8700;8600;9375;9075;20328800
18/07/2022;9125;9100;9800;9550;25255000
19/07/2022;9550;9475;9750;9700;14283700
20/07/2022;9750;9525;10000;9975;28051000
21/07/2022;9975;9550;10075;9650;23118500
22/07/2022;9700;9550;9800;9675;15801800
25/07/2022;9675;9625;9850;9800;12072500
26/07/2022;9900;9825;10725;10400;32095400
27/07/2022;10500;9875;10500;9900;23476300
28/07/2022;10150;9950;10900;10875;29759800
29/07/2022;10875;10575;11050;10575;35402100
01/08/2022;10600;10600;10975;10700;28424400
02/08/2022;10600;10475;10950;10625;26037500
03/08/2022;10625;10625;11000;11000;13274400
04/08/2022;11075;10900;11100;11000;8067700
05/08/2022;11000;10950;11000;10975;7369000
08/08/2022;11000;10700;11025;10800;7453000
09/08/2022;10800;10800;11000;10825;6699100
10/08/2022;10900;10650;10975;10975;7061100
11/08/2022;11000;10775;11100;10775;10313600
12/08/2022;10775;10100;10900;10200;12294300
15/08/2022;10225;9950;10400;9975;8605900
16/08/2022;10000;9600;10125;9725;9426700
17/08/2022;10000;9600;10125;9725;0
18/08/2022;9725;9325;9725;9475;10812200
19/08/2022;9475;9450;9700;9550;7439400
22/08/2022;9550;9075;9600;9075;9815400
23/08/2022;9075;8925;9175;9000;9971500
24/08/2022;9000;8700;9075;8800;11781600
25/08/2022;8850;8625;8925;8700;7983200
26/08/2022;8750;8525;8925;8775;13221100
29/08/2022;8600;8200;8600;8225;14275400
30/08/2022;8225;8050;8375;8175;12799400
31/08/2022;8175;8100;8450;8425;10436700
01/09/2022;8425;8250;8575;8250;4603400
02/09/2022;8250;8250;8400;8300;4325100
05/09/2022;8300;8100;8325;8175;3978400
06/09/2022;8200;8175;8275;8175;3444800
07/09/2022;8200;7800;8250;7825;10245200
08/09/2022;7950;7850;8100;7900;8050400
09/09/2022;7975;7800;8000;7825;4545900
12/09/2022;7850;7650;7950;7675;10001900
13/09/2022;7750;7725;8300;8050;21741000
14/09/2022;7950;7650;7950;7675;19684000
15/09/2022;7725;7600;7900;7600;15048700
16/09/2022;7600;7200;7700;7250;21421200
19/09/2022;7250;7175;7600;7475;12033000
20/09/2022;7500;7350;7550;7375;7325500
21/09/2022;7400;7250;7600;7550;7401200
22/09/2022;7525;7200;7525;7425;11158400
23/09/2022;7425;7200;7450;7225;10738500
26/09/2022;7225;7150;7375;7175;8956800
27/09/2022;7200;6850;7225;7000;13546200
28/09/2022;7000;6900;7375;7000;15680400
29/09/2022;7100;6700;7200;6700;10003200
30/09/2022;6700;6450;6775;6600;10348200
03/10/2022;6600;6475;6825;6500;8390800
04/10/2022;6775;6500;6875;6675;7987500
05/10/2022;6725;6650;6850;6825;6884000
06/10/2022;6850;6750;6950;6950;6024400
07/10/2022;6950;6700;6950;6775;6280600
10/10/2022;6750;6500;6750;6500;5502500
11/10/2022;6500;6050;6525;6075;21577100
12/10/2022;6050;5675;6150;5800;12869800
13/10/2022;5800;5400;5825;5400;11035800
14/10/2022;5325;5025;5425;5025;19802800
17/10/2022;4700;4680;4860;4680;17533900
18/10/2022;4560;4380;4940;4900;81081900
19/10/2022;4950;4920;5750;5525;70212400
20/10/2022;5600;5325;5650;5400;17446300
21/10/2022;5400;5350;5900;5425;26546800
24/10/2022;5500;5375;5650;5500;17770300
25/10/2022;5525;5350;5800;5500;20586900
26/10/2022;5525;5125;5650;5125;18692200
27/10/2022;5125;4940;5225;5000;11331000
28/10/2022;5000;4810;5025;4820;10493400
31/10/2022;4850;4850;5200;5100;14047700
01/11/2022;5100;4800;5175;4850;9596900
02/11/2022;4860;4680;4930;4820;10269100
03/11/2022;4790;4720;4890;4820;5284700
04/11/2022;4820;4660;4840;4720;7848600
07/11/2022;4820;4550;4900;4550;0
08/11/2022;4820;4550;4900;4550;0
09/11/2022;4820;4550;4900;4550;0
10/11/2022;4820;4550;4900;4550;13975400
11/11/2022;5000;4970;5675;5675;57344200
14/11/2022;5825;5550;6075;5725;31172800
15/11/2022;5725;5550;6050;5900;14183600
16/11/2022;6025;5900;6300;6250;27246100
17/11/2022;6250;5975;6250;6025;8237900
18/11/2022;6025;5850;6150;6125;8355400
21/11/2022;6125;5700;6125;5700;12456300
22/11/2022;5575;5325;5675;5325;12939300
23/11/2022;5225;5025;5400;5275;21625700
24/11/2022;5325;5100;5475;5175;10660400
25/11/2022;5175;5025;5200;5100;6183700
28/11/2022;5075;4800;5200;4820;12290800
29/11/2022;4810;4670;4950;4690;14837200
30/11/2022;4720;4560;4780;4590;38681700
01/12/2022;4720;4560;4780;4590;0
02/12/2022;4510;4200;4510;4200;22338700
05/12/2022;3930;3910;4140;3950;28368300
06/12/2022;3950;3840;4110;4050;15206500
07/12/2022;4060;3900;4090;3980;12982500
08/12/2022;3980;3720;4010;3790;19846000
09/12/2022;3820;3530;3860;3530;16735600
12/12/2022;3480;3290;3490;3300;18206100
13/12/2022;3300;3300;4120;4120;56505300
14/12/2022;4250;4020;4400;4060;28102400
15/12/2022;4020;3860;4150;4040;15005000
16/12/2022;3980;3880;4060;4060;15005000
19/12/2022;4040;3790;4070;3840;9573100
20/12/2022;3840;3590;3840;3630;15360200
21/12/2022;3630;3630;3790;3680;7634500
22/12/2022;3760;3610;3770;3680;4980700
23/12/2022;3670;3630;3780;3740;8854400
26/12/2022;3720;3500;3750;3510;7954500
27/12/2022;3510;3510;3660;3580;13795300
28/12/2022;3600;3510;3600;3520;7254800
29/12/2022;3520;3400;3550;3510;9680100
30/12/2022;3540;3480;3850;3720;30668500
02/01/2023;3750;3610;3850;3630;6302800
03/01/2023;3630;3530;3710;3540;8062000
04/01/2023;3570;3460;3590;3510;7443000
05/01/2023;3520;3270;3540;3270;18791500
06/01/2023;3200;3050;3210;3060;27403900
